Taxonomy_ID,superkingdom,phylum,clade,class,order,family,genus,species,strain,taxon
Actinobacteria_1663,Bacteria,Actinobacteria,Terrabacteria group,Actinomycetia,Bifidobacteriales,Bifidobacteriaceae,Bifidobacterium,Bifidobacterium longum,,Bifidobacterium longum
Actinobacteria_1680,Bacteria,Actinobacteria,Terrabacteria group,Actinomycetia,Bifidobacteriales,Bifidobacteriaceae,Bifidobacterium,Bifidobacterium bifidum,,Bifidobacterium bifidum
Actinobacteria_1724,Bacteria,Actinobacteria,Terrabacteria group,Actinomycetia,Bifidobacteriales,Bifidobacteriaceae,Bifidobacterium,Bifidobacterium adolescentis,,Bifidobacterium adolescentis
Actinobacteria_1743,Bacteria,Actinobacteria,Terrabacteria group,Actinomycetia,Bifidobacteriales,Bifidobacteriaceae,Bifidobacterium,Bifidobacterium catenulatum,,Bifidobacterium catenulatum
Actinobacteria_417,Bacteria,Actinobacteria,Terrabacteria group,Coriobacteriia,Eggerthellales,Eggerthellaceae,Slackia,Slackia heliotrinireducens,,Slackia heliotrinireducens
Actinobacteria_425,Bacteria,Actinobacteria,Terrabacteria group,Coriobacteriia,Coriobacteriales,Coriobacteriaceae,Collinsella,Collinsella aerofaciens,,Collinsella aerofaciens
Actinobacteria_474,Bacteria,Actinobacteria,Terrabacteria group,,,,,,,Terrabacteria group
Bacteroidetes_498,Bacteria,Bacteroidetes,FCB group,Bacteroidia,Bacteroidales,Odoribacteraceae,Odoribacter,Odoribacter splanchnicus,,Odoribacter splanchnicus
Bacteroidetes_520,Bacteria,Bacteroidetes,FCB group,Bacteroidia,Bacteroidales,Bacteroidaceae,Bacteroides,Bacteroides stercoris,,Bacteroides stercoris
Bacteroidetes_526,Bacteria,Bacteroidetes,FCB group,Bacteroidia,Bacteroidales,Bacteroidaceae,Bacteroides,Bacteroides uniformis,,Bacteroides uniformis
Bacteroidetes_537,Bacteria,Bacteroidetes,FCB group,Bacteroidia,Bacteroidales,Bacteroidaceae,Phocaeicola,Phocaeicola vulgatus,,Phocaeicola vulgatus
Bacteroidetes_545,Bacteria,Bacteroidetes,FCB group,Bacteroidia,Bacteroidales,Bacteroidaceae,Phocaeicola,Phocaeicola dorei,,Phocaeicola dorei
Bacteroidetes_551,Bacteria,Bacteroidetes,FCB group,Bacteroidia,Bacteroidales,Bacteroidaceae,Phocaeicola,Phocaeicola salanitronis,Phocaeicola salanitronis DSM 18170,Phocaeicola salanitronis DSM 18170
Bacteroidetes_638,Bacteria,Bacteroidetes,FCB group,Bacteroidia,Bacteroidales,Prevotellaceae,Prevotella,Prevotella copri,Prevotella copri DSM 18205,Prevotella copri DSM 18205
Bacteroidetes_645,Bacteria,Bacteroidetes,FCB group,Bacteroidia,Bacteroidales,Prevotellaceae,Prevotella,Prevotella bryantii,,Prevotella bryantii
Bacteroidetes_740,Bacteria,Bacteroidetes,FCB group,Bacteroidia,Bacteroidales,Bacteroidaceae,Bacteroides,Bacteroides thetaiotaomicron,Bacteroides thetaiotaomicron VPI-5482,Bacteroides thetaiotaomicron VPI-5482
Bacteroidetes_754,Bacteria,Bacteroidetes,FCB group,Bacteroidia,Bacteroidales,Bacteroidaceae,Bacteroides,Bacteroides caccae,,Bacteroides caccae
Bacteroidetes_772,Bacteria,Bacteroidetes,FCB group,Bacteroidia,Bacteroidales,Bacteroidaceae,Bacteroides,Bacteroides xylanisolvens,,Bacteroides xylanisolvens
Bacteroidetes_789,Bacteria,Bacteroidetes,FCB group,Bacteroidia,Bacteroidales,Muribaculaceae,Sodaliphilus,Sodaliphilus pleomorphus,,Sodaliphilus pleomorphus
Bacteroidetes_794,Bacteria,Bacteroidetes,FCB group,Bacteroidia,Bacteroidales,Barnesiellaceae,Barnesiella,Barnesiella viscericola,Barnesiella viscericola DSM 18177,Barnesiella viscericola DSM 18177
Bacteroidetes_847,Bacteria,Bacteroidetes,FCB group,Bacteroidia,Bacteroidales,Tannerellaceae,Parabacteroides,Parabacteroides merdae,,Parabacteroides merdae
Bacteroidetes_897,Bacteria,Bacteroidetes,FCB group,Bacteroidia,Bacteroidales,Rikenellaceae,Alistipes,Alistipes onderdonkii,,Alistipes onderdonkii
Bacteroidetes_899,Bacteria,Bacteroidetes,FCB group,Bacteroidia,Bacteroidales,Rikenellaceae,Alistipes,Alistipes finegoldii,Alistipes finegoldii DSM 17242,Alistipes finegoldii DSM 17242
Bacteroidetes_905,Bacteria,Bacteroidetes,FCB group,Bacteroidia,Bacteroidales,Rikenellaceae,Alistipes,,,Alistipes
Bacteroidetes_907,Bacteria,Bacteroidetes,FCB group,Bacteroidia,Bacteroidales,Rikenellaceae,Alistipes,Alistipes indistinctus,,Alistipes indistinctus
Firmicutes_Tenericutes_1006,Bacteria,Firmicutes,Terrabacteria group,Negativicutes,Veillonellales,Veillonellaceae,Dialister,Dialister massiliensis,,Dialister massiliensis
Firmicutes_Tenericutes_1045,Bacteria,Firmicutes,Terrabacteria group,Negativicutes,Selenomonadales,Selenomonadaceae,Megamonas,Megamonas funiformis,,Megamonas funiformis
Firmicutes_Tenericutes_1046,Bacteria,Firmicutes,Terrabacteria group,Negativicutes,Selenomonadales,Selenomonadaceae,Megamonas,Megamonas funiformis,,Megamonas funiformis
Firmicutes_Tenericutes_2154,Bacteria,Firmicutes,Terrabacteria group,Bacilli,Lactobacillales,Streptococcaceae,Streptococcus,Streptococcus salivarius,,Streptococcus salivarius
Firmicutes_Tenericutes_2155,Bacteria,Firmicutes,Terrabacteria group,Bacilli,Lactobacillales,Streptococcaceae,Streptococcus,Streptococcus sp. FDAARGOS_192,,Streptococcus sp. FDAARGOS_192
Firmicutes_Tenericutes_2161,Bacteria,Firmicutes,Terrabacteria group,Bacilli,Lactobacillales,Streptococcaceae,Streptococcus,,,Streptococcus
Firmicutes_Tenericutes_2430,Bacteria,Firmicutes,Terrabacteria group,Bacilli,Lactobacillales,Streptococcaceae,Streptococcus,Streptococcus sp. LPB0220,,Streptococcus sp. LPB0220
Firmicutes_Tenericutes_3309,Bacteria,Firmicutes,Terrabacteria group,Bacilli,Lactobacillales,Lactobacillaceae,Weissella,Weissella cibaria,,Weissella cibaria
Firmicutes_Tenericutes_347,Bacteria,Firmicutes,Terrabacteria group,Bacilli,Bacillales,Bacillaceae,Bacillus,Bacillus sp. NP157,,Bacillus sp. NP157
Firmicutes_Tenericutes_432,Bacteria,Firmicutes,Terrabacteria group,Clostridia,Eubacteriales,Lachnospiraceae,Lachnospira,Lachnospira eligens,,Lachnospira eligens
Firmicutes_Tenericutes_434,Bacteria,Firmicutes,Terrabacteria group,Clostridia,Eubacteriales,Lachnospiraceae,Coprococcus,Coprococcus eutactus,Coprococcus eutactus ATCC 27759,Coprococcus eutactus ATCC 27759
Firmicutes_Tenericutes_437,Bacteria,Firmicutes,Terrabacteria group,Clostridia,Eubacteriales,Lachnospiraceae,Anaerostipes,Anaerostipes hadrus,,Anaerostipes hadrus
Firmicutes_Tenericutes_442,Bacteria,Firmicutes,Terrabacteria group,Clostridia,Eubacteriales,Lachnospiraceae,Anaerobutyricum,Anaerobutyricum hallii,,Anaerobutyricum hallii
Firmicutes_Tenericutes_456,Bacteria,Firmicutes,Terrabacteria group,Clostridia,Eubacteriales,Lachnospiraceae,Lachnoclostridium,[Clostridium] scindens,,[Clostridium] scindens
Firmicutes_Tenericutes_4569,Bacteria,Firmicutes,Terrabacteria group,Erysipelotrichia,Erysipelotrichales,Erysipelotrichaceae,Faecalibaculum,Faecalibaculum rodentium,,Faecalibaculum rodentium
Firmicutes_Tenericutes_457,Bacteria,Firmicutes,Terrabacteria group,Clostridia,Eubacteriales,Lachnospiraceae,Lachnoclostridium,,,Lachnoclostridium
Firmicutes_Tenericutes_4592,Bacteria,Firmicutes,Terrabacteria group,Erysipelotrichia,Erysipelotrichales,Erysipelotrichaceae,Faecalibacillus,Faecalibacillus intestinalis,,Faecalibacillus intestinalis
Firmicutes_Tenericutes_461,Bacteria,Firmicutes,Terrabacteria group,Clostridia,Eubacteriales,Lachnospiraceae,Coprococcus,Coprococcus comes,,Coprococcus comes
Firmicutes_Tenericutes_469,Bacteria,Firmicutes,Terrabacteria group,Clostridia,Eubacteriales,Lachnospiraceae,,,,Lachnospiraceae
Firmicutes_Tenericutes_471,Bacteria,Firmicutes,Terrabacteria group,Clostridia,Eubacteriales,Lachnospiraceae,Blautia,Blautia massiliensis,,Blautia massiliensis
Firmicutes_Tenericutes_472,Bacteria,Firmicutes,Terrabacteria group,Clostridia,Eubacteriales,Lachnospiraceae,Blautia,,,Blautia
Firmicutes_Tenericutes_474,Bacteria,Firmicutes,Terrabacteria group,Clostridia,Eubacteriales,Lachnospiraceae,Blautia,Blautia producta,,Blautia producta
Firmicutes_Tenericutes_485,Bacteria,Firmicutes,Terrabacteria group,Clostridia,Eubacteriales,Lachnospiraceae,Blautia,,,Blautia
Firmicutes_Tenericutes_486,Bacteria,Firmicutes,Terrabacteria group,Clostridia,Eubacteriales,Lachnospiraceae,Blautia,,,Blautia
Firmicutes_Tenericutes_491,Bacteria,Firmicutes,Terrabacteria group,Clostridia,Eubacteriales,Clostridiaceae,Clostridium,Clostridium sp. SY8519,,Clostridium sp. SY8519
Firmicutes_Tenericutes_497,Bacteria,Firmicutes,Terrabacteria group,Clostridia,Eubacteriales,Lachnospiraceae,Roseburia,,,Roseburia
Firmicutes_Tenericutes_498,Bacteria,Firmicutes,Terrabacteria group,Clostridia,Eubacteriales,Lachnospiraceae,Pseudobutyrivibrio,Pseudobutyrivibrio xylanivorans,,Pseudobutyrivibrio xylanivorans
Firmicutes_Tenericutes_499,Bacteria,Firmicutes,Terrabacteria group,Clostridia,Eubacteriales,Lachnospiraceae,,,,Lachnospiraceae
Firmicutes_Tenericutes_507,Bacteria,Firmicutes,Terrabacteria group,Clostridia,Eubacteriales,Lachnospiraceae,,,,Lachnospiraceae
Firmicutes_Tenericutes_508,Bacteria,Firmicutes,Terrabacteria group,Clostridia,Eubacteriales,Lachnospiraceae,Lachnoanaerobaculum,Lachnoanaerobaculum umeaense,,Lachnoanaerobaculum umeaense
Firmicutes_Tenericutes_510,Bacteria,Firmicutes,Terrabacteria group,Clostridia,Eubacteriales,Clostridiaceae,Hungatella,Hungatella hathewayi,Hungatella hathewayi WAL-18680,Hungatella hathewayi WAL-18680
Firmicutes_Tenericutes_513,Bacteria,Firmicutes,Terrabacteria group,Clostridia,Eubacteriales,,,,,Eubacteriales
Firmicutes_Tenericutes_514,Bacteria,Firmicutes,Terrabacteria group,Clostridia,Eubacteriales,,,,,Eubacteriales
Firmicutes_Tenericutes_517,Bacteria,Firmicutes,Terrabacteria group,Clostridia,Eubacteriales,,,,,Eubacteriales
Firmicutes_Tenericutes_519,Bacteria,Firmicutes,Terrabacteria group,Clostridia,Eubacteriales,,,,,Eubacteriales
Firmicutes_Tenericutes_520,Bacteria,Firmicutes,Terrabacteria group,Clostridia,Eubacteriales,Oscillospiraceae,Solibaculum,Solibaculum mannosilyticum,,Solibaculum mannosilyticum
Firmicutes_Tenericutes_529,Bacteria,Firmicutes,Terrabacteria group,Clostridia,Eubacteriales,Oscillospiraceae,,,,Oscillospiraceae
Firmicutes_Tenericutes_530,Bacteria,Firmicutes,Terrabacteria group,Clostridia,Eubacteriales,Oscillospiraceae,Ruminococcus,Ruminococcus bovis,,Ruminococcus bovis
Firmicutes_Tenericutes_533,Bacteria,Firmicutes,Terrabacteria group,Clostridia,Eubacteriales,Oscillospiraceae,Ethanoligenens,Ethanoligenens harbinense,,Ethanoligenens harbinense
Firmicutes_Tenericutes_535,Bacteria,Firmicutes,Terrabacteria group,Clostridia,Eubacteriales,Oscillospiraceae,Faecalibacterium,Faecalibacterium prausnitzii,,Faecalibacterium prausnitzii
Firmicutes_Tenericutes_538,Bacteria,Firmicutes,Terrabacteria group,Clostridia,Eubacteriales,Oscillospiraceae,Faecalibacterium,Faecalibacterium prausnitzii,,Faecalibacterium prausnitzii
Firmicutes_Tenericutes_543,Bacteria,Firmicutes,Terrabacteria group,Clostridia,Eubacteriales,Oscillospiraceae,Faecalibacterium,Faecalibacterium prausnitzii,,Faecalibacterium prausnitzii
Firmicutes_Tenericutes_548,Bacteria,Firmicutes,Terrabacteria group,Clostridia,Eubacteriales,Oscillospiraceae,Faecalibacterium,Faecalibacterium prausnitzii,,Faecalibacterium prausnitzii
Firmicutes_Tenericutes_551,Bacteria,Firmicutes,Terrabacteria group,Clostridia,Eubacteriales,Oscillospiraceae,Faecalibacterium,Faecalibacterium prausnitzii,,Faecalibacterium prausnitzii
Firmicutes_Tenericutes_554,Bacteria,Firmicutes,Terrabacteria group,Clostridia,Eubacteriales,Oscillospiraceae,,,,Oscillospiraceae
Firmicutes_Tenericutes_555,Bacteria,Firmicutes,Terrabacteria group,Clostridia,Eubacteriales,Oscillospiraceae,Ruminococcus,Ruminococcus bicirculans,,Ruminococcus bicirculans
Firmicutes_Tenericutes_557,Bacteria,Firmicutes,Terrabacteria group,Clostridia,Eubacteriales,Oscillospiraceae,Ruminococcus,,,Ruminococcus
Firmicutes_Tenericutes_564,Bacteria,Firmicutes,Terrabacteria group,Clostridia,Eubacteriales,,Intestinimonas,Intestinimonas butyriciproducens,,Intestinimonas butyriciproducens
Firmicutes_Tenericutes_566,Bacteria,Firmicutes,Terrabacteria group,Clostridia,Eubacteriales,,Flintibacter,Flintibacter sp. KGMB00164,,Flintibacter sp. KGMB00164
Firmicutes_Tenericutes_569,Bacteria,Firmicutes,Terrabacteria group,Clostridia,Eubacteriales,Oscillospiraceae,Vescimonas,Vescimonas fastidiosa,,Vescimonas fastidiosa
Firmicutes_Tenericutes_570,Bacteria,Firmicutes,Terrabacteria group,Clostridia,Eubacteriales,Oscillospiraceae,Vescimonas,,,Vescimonas
Firmicutes_Tenericutes_572,Bacteria,Firmicutes,Terrabacteria group,Clostridia,Eubacteriales,Oscillospiraceae,Dysosmobacter,Dysosmobacter welbionis,,Dysosmobacter welbionis
Firmicutes_Tenericutes_575,Bacteria,Firmicutes,Terrabacteria group,Clostridia,Eubacteriales,,,,,Eubacteriales
Firmicutes_Tenericutes_597,Bacteria,Firmicutes,Terrabacteria group,Clostridia,Eubacteriales,,,,,Eubacteriales
Firmicutes_Tenericutes_613,Bacteria,Firmicutes,Terrabacteria group,Clostridia,Eubacteriales,Christensenellaceae,Christensenella,Christensenella minuta,,Christensenella minuta
Firmicutes_Tenericutes_614,Bacteria,Firmicutes,Terrabacteria group,Clostridia,Eubacteriales,Christensenellaceae,Christensenella,Christensenella sp. Marseille-P3954,,Christensenella sp. Marseille-P3954
Firmicutes_Tenericutes_662,Bacteria,Firmicutes,Terrabacteria group,Clostridia,Eubacteriales,Clostridiaceae,Clostridium,Clostridium chauvoei,,Clostridium chauvoei
Firmicutes_Tenericutes_878,Bacteria,Firmicutes,Terrabacteria group,Clostridia,Eubacteriales,Peptostreptococcaceae,Romboutsia,Romboutsia sp. CE17,,Romboutsia sp. CE17
Firmicutes_Tenericutes_907,Bacteria,Firmicutes,Terrabacteria group,Clostridia,Eubacteriales,Eubacteriales Family XIII. Incertae Sedis,Mogibacterium,Mogibacterium diversum,,Mogibacterium diversum
Proteobacteria_5642,Bacteria,Proteobacteria,,Deltaproteobacteria,Desulfovibrionales,Desulfovibrionaceae,Lawsonia,Lawsonia intracellularis,Lawsonia intracellularis PHE/MN1-00,Lawsonia intracellularis PHE/MN1-00
Proteobacteria_9625,Bacteria,Proteobacteria,,Betaproteobacteria,Burkholderiales,Sutterellaceae,Sutterella,,,Sutterella
Actinobacteria_415,Bacteria,Actinobacteria,Terrabacteria group,Coriobacteriia,Eggerthellales,Eggerthellaceae,Denitrobacterium,Denitrobacterium detoxificans,,Denitrobacterium detoxificans
Actinobacteria_441,Bacteria,Actinobacteria,Terrabacteria group,,,,,,,Terrabacteria group
Bacteroidetes_521,Bacteria,Bacteroidetes,FCB group,Bacteroidia,Bacteroidales,Bacteroidaceae,Bacteroides,Bacteroides eggerthii,,Bacteroides eggerthii
Bacteroidetes_533,Bacteria,Bacteroidetes,FCB group,Bacteroidia,Bacteroidales,Bacteroidaceae,Bacteroides,Bacteroides uniformis,,Bacteroides uniformis
Bacteroidetes_542,Bacteria,Bacteroidetes,FCB group,Bacteroidia,Bacteroidales,Bacteroidaceae,Phocaeicola,Phocaeicola vulgatus,,Phocaeicola vulgatus
Bacteroidetes_544,Bacteria,Bacteroidetes,FCB group,Bacteroidia,Bacteroidales,Bacteroidaceae,Phocaeicola,Phocaeicola vulgatus,,Phocaeicola vulgatus
Bacteroidetes_550,Bacteria,Bacteroidetes,FCB group,Bacteroidia,Bacteroidales,Bacteroidaceae,Phocaeicola,,,Phocaeicola
Bacteroidetes_670,Bacteria,Bacteroidetes,FCB group,Bacteroidia,Bacteroidales,Bacteroidaceae,Phocaeicola,Phocaeicola coprophilus,,Phocaeicola coprophilus
Bacteroidetes_761,Bacteria,Bacteroidetes,FCB group,Bacteroidia,Bacteroidales,Bacteroidaceae,Bacteroides,Bacteroides ovatus,,Bacteroides ovatus
Bacteroidetes_766,Bacteria,Bacteroidetes,FCB group,Bacteroidia,Bacteroidales,Bacteroidaceae,Bacteroides,Bacteroides ovatus,,Bacteroides ovatus
Firmicutes_Tenericutes_1013,Bacteria,Firmicutes,Terrabacteria group,Negativicutes,Veillonellales,Veillonellaceae,Megasphaera,Megasphaera elsdenii,,Megasphaera elsdenii
Firmicutes_Tenericutes_1044,Bacteria,Firmicutes,Terrabacteria group,Negativicutes,Selenomonadales,Selenomonadaceae,Megamonas,Megamonas funiformis,,Megamonas funiformis
Firmicutes_Tenericutes_433,Bacteria,Firmicutes,Terrabacteria group,Clostridia,Eubacteriales,Eubacteriaceae,Eubacterium,Eubacterium sp. MSJ-33,,Eubacterium sp. MSJ-33
Firmicutes_Tenericutes_446,Bacteria,Firmicutes,Terrabacteria group,Clostridia,Eubacteriales,Lachnospiraceae,Mediterraneibacter,[Ruminococcus] gnavus,[Ruminococcus] gnavus ATCC 29149,[Ruminococcus] gnavus ATCC 29149
Firmicutes_Tenericutes_4586,Bacteria,Firmicutes,Terrabacteria group,Erysipelotrichia,Erysipelotrichales,Erysipelotrichaceae,Bulleidia,Bulleidia sp. zg-1006,,Bulleidia sp. zg-1006
Firmicutes_Tenericutes_4590,Bacteria,Firmicutes,Terrabacteria group,Erysipelotrichia,Erysipelotrichales,Erysipelotrichaceae,Intestinibaculum,Intestinibaculum porci,,Intestinibaculum porci
Firmicutes_Tenericutes_495,Bacteria,Firmicutes,Terrabacteria group,Clostridia,Eubacteriales,Lachnospiraceae,Roseburia,Roseburia sp. NSJ-69,,Roseburia sp. NSJ-69
Firmicutes_Tenericutes_534,Bacteria,Firmicutes,Terrabacteria group,Clostridia,Eubacteriales,Oscillospiraceae,Ruthenibacterium,Ruthenibacterium lactatiformans,,Ruthenibacterium lactatiformans
Firmicutes_Tenericutes_623,Bacteria,Firmicutes,Terrabacteria group,Clostridia,Eubacteriales,Clostridiaceae,Clostridium,Clostridium tyrobutyricum,,Clostridium tyrobutyricum
Proteobacteria_848,Bacteria,Proteobacteria,,Gammaproteobacteria,Enterobacterales,Enterobacteriaceae,Klebsiella,Klebsiella pneumoniae,,Klebsiella pneumoniae
Proteobacteria_924,Bacteria,Proteobacteria,,Gammaproteobacteria,Enterobacterales,Enterobacteriaceae,Klebsiella,Klebsiella pneumoniae,,Klebsiella pneumoniae
Proteobacteria_9621,Bacteria,Proteobacteria,,Betaproteobacteria,Burkholderiales,Sutterellaceae,Sutterella,Sutterella wadsworthensis,,Sutterella wadsworthensis
Verrucomicrobia_10,Bacteria,Verrucomicrobia,PVC group,Verrucomicrobiae,Verrucomicrobiales,Akkermansiaceae,Akkermansia,Akkermansia muciniphila,,Akkermansia muciniphila
Actinobacteria_445,Bacteria,Actinobacteria,Terrabacteria group,,,,,,,Terrabacteria group
Bacteroidetes_671,Bacteria,Bacteroidetes,FCB group,Bacteroidia,Bacteroidales,,,,,Bacteroidales
Firmicutes_Tenericutes_3473,Bacteria,Firmicutes,Terrabacteria group,Bacilli,Lactobacillales,Lactobacillaceae,Ligilactobacillus,Ligilactobacillus ruminis,Ligilactobacillus ruminis ATCC 27782,Ligilactobacillus ruminis ATCC 27782
Firmicutes_Tenericutes_568,Bacteria,Firmicutes,Terrabacteria group,Clostridia,Eubacteriales,Oscillospiraceae,Vescimonas,Vescimonas coprocola,,Vescimonas coprocola
Firmicutes_Tenericutes_992,Bacteria,Firmicutes,Terrabacteria group,Negativicutes,Acidaminococcales,Acidaminococcaceae,Acidaminococcus,Acidaminococcus intestini,Acidaminococcus intestini RyC-MR95,Acidaminococcus intestini RyC-MR95
Firmicutes_Tenericutes_995,Bacteria,Firmicutes,Terrabacteria group,Negativicutes,Acidaminococcales,Acidaminococcaceae,Phascolarctobacterium,Phascolarctobacterium faecium,,Phascolarctobacterium faecium
Bacteroidetes_549,Bacteria,Bacteroidetes,FCB group,Bacteroidia,Bacteroidales,Bacteroidaceae,Phocaeicola,Phocaeicola dorei,,Phocaeicola dorei
Bacteroidetes_782,Bacteria,Bacteroidetes,FCB group,Bacteroidia,Bacteroidales,Bacteroidaceae,Bacteroides,Bacteroides zhangwenhongii,,Bacteroides zhangwenhongii
Firmicutes_Tenericutes_470,Bacteria,Firmicutes,Terrabacteria group,Clostridia,Eubacteriales,Lachnospiraceae,Blautia,Blautia sp. SC05B48,,Blautia sp. SC05B48
Firmicutes_Tenericutes_483,Bacteria,Firmicutes,Terrabacteria group,Clostridia,Eubacteriales,Lachnospiraceae,Blautia,Blautia hansenii,Blautia hansenii DSM 20583,Blautia hansenii DSM 20583
Firmicutes_Tenericutes_559,Bacteria,Firmicutes,Terrabacteria group,Clostridia,Eubacteriales,Oscillospiraceae,Flavonifractor,Flavonifractor plautii,,Flavonifractor plautii
Proteobacteria_7104,Bacteria,Proteobacteria,,Alphaproteobacteria,,,Micavibrio,Micavibrio aeruginosavorus,,Micavibrio aeruginosavorus
Firmicutes_Tenericutes_1035,Bacteria,Firmicutes,Terrabacteria group,Negativicutes,Selenomonadales,Selenomonadaceae,Selenomonas,Selenomonas ruminantium,Selenomonas ruminantium subsp. lactilytica TAM6421,Selenomonas ruminantium subsp. lactilytica TAM6421
Fusobacteria_10,Bacteria,Fusobacteria,,Fusobacteriia,Fusobacteriales,Fusobacteriaceae,Fusobacterium,,,Fusobacterium
Actinobacteria_456,Bacteria,Actinobacteria,Terrabacteria group,Coriobacteriia,Eggerthellales,Eggerthellaceae,,,,Eggerthellaceae
Bacteroidetes_667,Bacteria,Bacteroidetes,FCB group,Bacteroidia,Bacteroidales,Prevotellaceae,Pseudoprevotella,Pseudoprevotella muciniphila,,Pseudoprevotella muciniphila
Cyanobacteria_13,Bacteria,Cyanobacteria,Cyanobacteria/Melainabacteria group,Gloeobacteria,Gloeobacterales,Gloeobacteraceae,Anthocerotibacter,Anthocerotibacter panamensis,Anthocerotibacter panamensis C109,Anthocerotibacter panamensis C109
Firmicutes_Tenericutes_994,Bacteria,Firmicutes,Terrabacteria group,Negativicutes,Acidaminococcales,Acidaminococcaceae,Phascolarctobacterium,Phascolarctobacterium faecium,,Phascolarctobacterium faecium
Proteobacteria_4522,Bacteria,Proteobacteria,,Gammaproteobacteria,Aeromonadales,Succinivibrionaceae,Succinivibrio,Succinivibrio dextrinosolvens,,Succinivibrio dextrinosolvens